Wavelength,220,222,224,226,228,230,232,234,236,238,240,242,244,246,248,250,252,254,256,258,260,262,264,266,268,270,272,274,276,278,280,282,284,286,288,290,292,294,296,298,300,302,304,306,308,310,312,314,316,318,320,322,324,326,328,330,332,334,336,338,340,342,344,346,348,350,352,354,356,358,360,362,364,366,368,370,372,374,376,378,380,382,384,386,388,390,392,394,396,398,400,402,404,406,408,410,412,414,416,418,420,422,424,426,428,430,432,434,436,438,440,442,444,446,448,450,452,454,456,458,460,462,464,466,468,470,472,474,476,478,480,482,484,486,488,490,492,494,496,498,500,502,504,506,508,510,512,514,516,518,520,522,524,526,528,530,532,534,536,538,540,542,544,546,548,550,552,554,556,558,560,562,564,566,568,570,572,574,576,578,580,582,584,586,588,590,592,594,596,598,600,602,604,606,608,610,612,614,616,618,620,622,624,626,628,630,632,634,636,638,640,642,644,646,648,650,652,654,656,658,660,662,664,666,668,670,672,674,676,678,680,682,684,686,688,690,692,694,696,698,700,702,704,706,708,710,712,714,716,718,720,722,724,726,728,730,732,734,736,738,740,742,744,746,748,750,752,754,756,758,760,762,764,766,768,770,772,774,776,778,780,782,784,786,788,790,792,794,796,798,800
Rohini,2.352,3.5,3.419,2.598,3.137,3.5,3.166,3.383,3.252,3.388,3.405,3.479,3.5,3.5,3.483,3.5,3.5,3.356,3.5,3.5,3.5,3.5,3.5,3.472,3.5,3.429,3.448,3.5,3.5,3.339,3.417,3.367,3.433,3.335,3.331,3.277,3.5,3.5,3.5,3.5,3.342,3.188,3.5,3.5,3.5,3.5,3.361,3.5,3.5,3.5,3.5,3.5,3.041,3.35,3.325,3.5,3.5,3.4,3.5,3.356,3.16,3.212,3.5,3.184,3.233,3.276,3.093,3.5,3.5,3.5,3.037,3.178,3.107,3.308,3.249,2.868,3.5,3.331,3.35,3.309,3.252,3.294,3.259,3.5,3.5,3.5,3.489,3.5,3.312,3.022,3.327,3.5,3.388,3.481,3.5,3.5,3.5,3.432,3.5,3.5,3.5,3.5,3.5,3.5,3.5,3.5,3.392,3.408,3.428,3.5,3.5,3.479,3.5,3.38,3.379,3.338,3.089,3.2,3.256,3.163,3.232,2.938,2.915,2.933,2.794,2.944,2.751,2.726,2.671,2.708,2.714,2.717,2.689,2.61,2.618,2.578,2.578,2.551,2.502,2.497,2.507,2.504,2.471,2.42,2.375,2.446,2.425,2.417,2.38,2.358,2.345,2.326,2.335,2.308,2.296,2.336,2.311,2.269,2.286,2.274,2.277,2.285,2.258,2.255,2.218,2.232,2.266,2.264,2.243,2.218,2.205,2.197,2.222,2.202,2.197,2.178,2.179,2.183,2.152,2.149,2.146,2.159,2.161,2.181,2.148,2.121,2.108,2.129,2.114,2.1,2.085,2.076,2.071,2.099,2.07,2.082,2.093,2.069,2.062,2.06,2.055,2.07,2.067,2.047,2.045,2.047,2.006,2.024,2.034,2.007,2.004,2,2.007,2.018,2.016,1.998,1.997,1.997,2.008,2.003,1.989,1.985,1.994,1.978,1.964,1.981,1.973,1.946,1.96,1.961,1.962,1.95,1.932,1.936,1.931,1.933,1.912,1.915,1.914,1.926,1.924,1.92,1.922,1.919,1.913,1.887,1.899,1.901,1.891,1.884,1.905,1.887,1.878,1.887,1.885,1.898,1.885,1.867,1.856,1.845,1.87,1.865,1.835,1.854,1.854,1.845,1.82,1.846,1.85,1.836,1.824,1.833,1.83,1.842,1.836,1.834,1.818,1.815,1.793,1.802,1.823,1.802,1.827,1.808,1.793,1.793,1.81,1.784,1.778,1.79,1.791
Rohini,2.744,3.5,3.449,3.091,3.5,3.5,3.225,3.329,3.5,3.5,3.431,3.5,3.5,3.5,3.5,3.409,3.5,3.358,3.5,3.5,3.5,3.434,3.5,3.5,3.5,3.421,3.464,3.5,3.5,3.456,3.348,3.336,3.5,3.5,3.372,3.433,3.5,3.5,3.5,3.5,3.5,3.5,3.5,3.5,3.5,3.5,3.5,3.5,3.5,3.5,3.5,3.5,3.321,3.324,3.5,3.5,3.5,3.5,3.5,3.451,3.265,3.5,3.465,3.5,3.402,3.389,3.5,3.5,3.374,3.5,3.382,3.32,3.5,3.5,3.232,2.995,3.5,3.434,3.5,3.411,3.409,3.365,3.5,3.5,3.5,3.5,3.5,3.5,3.007,3.187,3.5,3.49,3.5,3.445,3.5,3.5,3.389,3.5,3.5,3.5,3.5,3.5,3.5,3.478,3.5,3.247,3.24,3.138,3.131,3.135,3.036,3.052,2.992,2.951,2.949,2.9,2.813,2.853,2.855,2.827,2.81,2.769,2.756,2.741,2.723,2.713,2.638,2.676,2.61,2.499,2.626,2.492,2.579,2.421,2.42,2.319,2.29,2.287,2.208,2.179,2.16,2.187,2.125,2.106,2.061,2.065,2.045,2.015,1.996,1.979,1.966,1.956,1.929,1.904,1.897,1.906,1.873,1.863,1.859,1.843,1.841,1.839,1.827,1.808,1.791,1.79,1.788,1.789,1.781,1.769,1.754,1.745,1.743,1.733,1.731,1.722,1.716,1.71,1.699,1.698,1.692,1.692,1.682,1.679,1.671,1.663,1.662,1.66,1.654,1.652,1.641,1.639,1.636,1.645,1.628,1.632,1.633,1.621,1.614,1.616,1.617,1.619,1.607,1.603,1.606,1.593,1.577,1.584,1.581,1.572,1.57,1.572,1.574,1.573,1.573,1.57,1.564,1.565,1.563,1.567,1.564,1.564,1.558,1.553,1.55,1.554,1.547,1.537,1.544,1.542,1.538,1.535,1.533,1.53,1.523,1.524,1.522,1.52,1.516,1.525,1.523,1.518,1.516,1.51,1.515,1.508,1.507,1.51,1.511,1.506,1.503,1.503,1.504,1.501,1.494,1.505,1.496,1.496,1.492,1.49,1.496,1.494,1.484,1.484,1.488,1.486,1.477,1.488,1.486,1.486,1.479,1.478,1.481,1.493,1.479,1.472,1.466,1.469,1.46,1.465,1.472,1.471,1.478,1.466,1.457,1.458,1.464,1.454,1.458,1.462,1.459
Rohini,2.385,3.357,3.5,2.496,3.134,3.5,3.261,3.285,3.215,3.5,3.405,3.479,3.5,3.372,3.5,3.384,3.295,3.242,3.5,3.5,3.5,3.5,3.304,3.5,3.435,3.435,3.439,3.5,3.5,3.359,3.452,3.346,3.31,3.5,3.43,3.256,3.5,3.5,3.5,3.411,3.5,3.5,3.5,3.5,3.5,3.5,3.217,3.465,3.5,3.5,3.233,3.5,2.755,3.011,3.208,2.975,3.35,3.381,3.337,2.592,2.674,3.337,3.387,3.045,3.5,3.5,3.5,3.5,3.493,3.5,3.095,3.014,3.15,3.399,3.251,3.12,3.5,3.249,3.327,3.408,3.271,3.474,3.5,3.315,3.5,3.279,3.333,3.5,3.376,3.215,3.329,3.5,3.5,3.5,3.5,3.5,3.5,3.5,3.5,3.5,3.5,3.5,3.432,3.292,3.202,2.859,2.712,2.573,2.388,2.382,2.245,2.153,2.066,1.983,1.92,1.848,1.771,1.723,1.67,1.605,1.556,1.494,1.443,1.405,1.363,1.328,1.289,1.258,1.23,1.2,1.175,1.144,1.124,1.097,1.076,1.055,1.04,1.022,1.001,0.986,0.972,0.958,0.943,0.932,0.919,0.908,0.895,0.884,0.873,0.864,0.855,0.84,0.832,0.823,0.815,0.808,0.794,0.786,0.78,0.771,0.764,0.759,0.751,0.743,0.737,0.73,0.724,0.72,0.713,0.707,0.7,0.695,0.69,0.684,0.679,0.673,0.667,0.662,0.656,0.65,0.645,0.64,0.637,0.631,0.626,0.623,0.619,0.615,0.61,0.607,0.602,0.597,0.594,0.592,0.587,0.584,0.583,0.578,0.573,0.57,0.567,0.564,0.559,0.556,0.553,0.549,0.543,0.541,0.538,0.534,0.531,0.529,0.526,0.525,0.522,0.52,0.518,0.516,0.514,0.513,0.512,0.509,0.506,0.504,0.502,0.5,0.497,0.494,0.491,0.489,0.486,0.483,0.48,0.476,0.473,0.472,0.468,0.466,0.463,0.461,0.461,0.457,0.454,0.452,0.451,0.45,0.448,0.447,0.445,0.443,0.44,0.438,0.437,0.436,0.434,0.433,0.431,0.43,0.427,0.426,0.425,0.424,0.421,0.419,0.418,0.417,0.415,0.415,0.412,0.41,0.408,0.407,0.407,0.408,0.403,0.401,0.4,0.399,0.397,0.396,0.395,0.393,0.392,0.39,0.389,0.39,0.387,0.385,0.384,0.384,0.382
Amrita,2.29,3.369,3.114,2.51,2.906,3.16,2.731,2.775,3.054,3.49,3.325,3.324,3.5,3.369,3.331,3.217,3.207,3.167,3.227,3.328,3.165,3.175,3.35,3.469,3.5,3.266,3.183,3.482,3.5,3.004,3.358,3.367,3.5,3.5,3.23,3.345,3.5,3.5,3.5,3.481,3.405,3.5,3.5,3.5,3.5,3.5,3.222,3.164,3.5,3.5,3.216,3.266,3.026,3.193,3.435,3.117,3.5,3.238,3.191,2.764,3.02,3.019,3.084,3.074,2.613,3.105,3.089,3.5,3.247,3.003,2.75,2.954,3.017,3.28,3.097,2.972,3.304,3.31,3.16,2.865,3.203,3.125,3.31,3.404,3.5,3.5,3.5,3.5,3.313,3.33,3.266,3.096,3.5,3.483,3.5,3.5,3.341,3.191,3.239,3.061,3.015,2.892,2.763,2.664,2.6,2.537,2.475,2.29,2.135,2.176,2.023,1.991,1.916,1.89,1.872,1.79,1.728,1.68,1.681,1.652,1.628,1.534,1.504,1.48,1.448,1.431,1.387,1.376,1.372,1.341,1.32,1.296,1.286,1.259,1.251,1.226,1.218,1.2,1.187,1.168,1.154,1.144,1.133,1.125,1.115,1.115,1.105,1.096,1.083,1.07,1.065,1.057,1.054,1.042,1.036,1.033,1.021,1.013,1.01,0.999,0.996,0.993,0.987,0.976,0.968,0.962,0.962,0.959,0.952,0.947,0.939,0.936,0.932,0.925,0.922,0.915,0.908,0.903,0.899,0.891,0.888,0.882,0.878,0.876,0.872,0.863,0.862,0.859,0.853,0.85,0.844,0.839,0.836,0.838,0.831,0.828,0.825,0.818,0.812,0.81,0.807,0.804,0.799,0.795,0.793,0.786,0.78,0.776,0.772,0.768,0.763,0.761,0.758,0.757,0.754,0.749,0.746,0.743,0.743,0.741,0.739,0.736,0.731,0.728,0.724,0.724,0.72,0.714,0.71,0.708,0.704,0.701,0.698,0.694,0.69,0.688,0.682,0.679,0.676,0.674,0.674,0.669,0.664,0.664,0.661,0.656,0.655,0.654,0.653,0.649,0.645,0.64,0.641,0.637,0.635,0.635,0.631,0.628,0.624,0.621,0.62,0.62,0.615,0.614,0.609,0.608,0.606,0.605,0.601,0.598,0.596,0.593,0.591,0.593,0.586,0.582,0.581,0.581,0.575,0.573,0.573,0.571,0.57,0.566,0.561,0.561,0.56,0.558,0.555,0.554,0.551
Amrita,2.894,3.5,3.5,3.5,3.5,3.262,3.5,3.5,3.5,3.5,3.5,3.455,3.5,3.273,3.5,3.5,3.193,3.5,3.5,3.229,3.5,3.5,3.5,3.5,3.5,3.5,3.5,3.5,3.5,3.5,3.5,3.5,3.5,3.5,3.5,3.5,3.5,3.5,3.5,3.5,3.5,3.5,3.5,3.5,3.5,3.5,3.412,3.5,3.5,3.5,2.913,3.5,3.5,3.5,3.5,3.5,3.5,3.172,2.739,3.482,3.5,3.5,3.5,3.5,3.5,3.5,3.5,3.5,3.5,3.5,3.319,3.342,3.5,3.5,3.5,3.5,3.5,3.5,3.5,3.027,2.991,3.5,3.5,3.075,3.4,3.235,3.425,3.04,3.008,2.923,3.5,3.5,3.5,3.5,3.073,3.063,3.5,3.5,3.5,3.5,3.5,3.5,3.5,3.5,3.289,3.203,2.8,2.583,2.426,2.295,2.216,2.155,2.101,2.018,1.944,1.885,1.827,1.773,1.717,1.668,1.635,1.594,1.552,1.519,1.486,1.459,1.432,1.406,1.384,1.356,1.333,1.314,1.299,1.271,1.256,1.238,1.224,1.212,1.194,1.183,1.17,1.162,1.15,1.14,1.135,1.126,1.115,1.106,1.095,1.094,1.083,1.073,1.066,1.062,1.055,1.047,1.032,1.029,1.024,1.019,1.012,1.01,1.003,0.993,0.991,0.984,0.98,0.98,0.976,0.969,0.963,0.959,0.952,0.95,0.945,0.939,0.936,0.93,0.925,0.92,0.916,0.912,0.909,0.906,0.903,0.901,0.899,0.894,0.891,0.889,0.883,0.88,0.879,0.878,0.874,0.872,0.869,0.867,0.864,0.862,0.858,0.856,0.852,0.849,0.846,0.84,0.835,0.834,0.832,0.829,0.826,0.825,0.824,0.822,0.821,0.819,0.819,0.816,0.812,0.812,0.814,0.813,0.808,0.806,0.805,0.804,0.801,0.799,0.797,0.795,0.794,0.793,0.79,0.783,0.781,0.781,0.776,0.774,0.771,0.772,0.772,0.767,0.763,0.762,0.761,0.76,0.76,0.759,0.757,0.755,0.752,0.752,0.749,0.748,0.75,0.747,0.747,0.746,0.743,0.74,0.74,0.74,0.738,0.737,0.735,0.734,0.732,0.732,0.731,0.731,0.73,0.724,0.73,0.733,0.722,0.719,0.719,0.721,0.719,0.718,0.718,0.715,0.714,0.712,0.711,0.713,0.712,0.708,0.708,0.71,0.707
Amrita,2.831,3.5,3.336,2.826,2.8,3.366,2.773,3.244,3.275,3.5,3.341,3.315,3.5,3.5,3.478,3.469,3.419,3.372,3.408,3.361,3.5,3.5,3.415,3.5,3.5,3.413,3.35,3.5,3.5,3.257,3.5,3.5,3.5,3.5,3.487,3.471,3.5,3.5,3.5,3.488,3.156,3.5,3.5,3.5,3.5,3.5,3.201,3.5,3.418,3.5,3.5,3.5,2.767,3.261,3.5,3.5,3.5,3.5,3.1,3.287,3.292,3.404,3.462,3.296,3.404,3.266,3.081,3.5,3.5,3.377,3.5,3.34,3.182,3.044,3.446,3.012,3.5,3.5,3.5,2.851,3.375,3.5,3.5,3.5,3.5,3.5,3.5,3.5,3.266,3.188,3.471,3.452,3.5,3.5,3.5,3.5,3.5,3.5,3.5,3.5,3.5,3.269,3.069,2.932,2.839,2.752,2.668,2.603,2.549,2.514,2.474,2.439,2.41,2.288,2.356,2.332,2.247,2.286,2.267,2.247,2.229,2.114,2.047,2.05,1.88,1.931,1.775,1.749,1.719,1.649,1.567,1.522,1.477,1.41,1.377,1.319,1.273,1.239,1.19,1.151,1.122,1.088,1.057,1.029,1,0.972,0.948,0.926,0.903,0.884,0.864,0.841,0.824,0.809,0.793,0.779,0.76,0.749,0.737,0.723,0.713,0.702,0.692,0.679,0.671,0.661,0.652,0.645,0.638,0.628,0.619,0.612,0.605,0.597,0.591,0.584,0.577,0.57,0.563,0.557,0.551,0.546,0.542,0.536,0.53,0.525,0.52,0.516,0.512,0.508,0.501,0.497,0.493,0.49,0.485,0.481,0.478,0.473,0.469,0.466,0.462,0.458,0.453,0.45,0.447,0.442,0.436,0.433,0.429,0.426,0.423,0.42,0.417,0.415,0.413,0.41,0.408,0.404,0.402,0.401,0.399,0.397,0.393,0.39,0.388,0.386,0.383,0.38,0.378,0.375,0.373,0.371,0.368,0.365,0.362,0.361,0.358,0.355,0.353,0.352,0.352,0.348,0.345,0.344,0.343,0.341,0.341,0.34,0.338,0.336,0.333,0.332,0.331,0.33,0.329,0.328,0.326,0.326,0.323,0.322,0.321,0.321,0.319,0.317,0.316,0.316,0.315,0.314,0.312,0.31,0.309,0.308,0.309,0.311,0.305,0.303,0.303,0.303,0.302,0.301,0.301,0.3,0.298,0.296,0.295,0.297,0.295,0.294,0.293,0.293,0.292
Putana,2.218,2.744,3.5,3.5,3.5,3.496,3.5,3.5,3.5,3.5,3.5,3.5,3.5,3.144,3.324,3.401,3.5,3.5,3.325,3.5,3.5,3.5,3.5,3.5,3.5,3.5,3.5,3.5,3.5,3.5,3.5,3.5,3.259,3.5,3.5,3.5,3.5,3.5,3.5,3.5,3.5,3.5,3.5,3.5,3.5,3.309,2.901,3.5,3.5,3.5,3.5,3.5,3.143,3.5,3.5,3.5,2.928,3.087,2.78,3.352,3.5,3.5,3.5,3.5,3.5,3.5,3.403,3.5,3.5,3.5,3.5,3.5,3.5,3.5,3.35,3.5,3.5,3.5,3.5,3.5,2.957,3.5,3.313,3.5,3.5,3.5,3.5,3.5,3.42,2.924,3.5,3.407,3.289,3.017,2.709,2.856,2.737,2.358,2.045,1.781,1.552,1.376,1.229,1.106,1.006,0.927,0.855,0.785,0.737,0.695,0.659,0.626,0.597,0.567,0.541,0.516,0.494,0.472,0.452,0.433,0.417,0.399,0.383,0.37,0.359,0.347,0.337,0.327,0.318,0.31,0.302,0.293,0.286,0.279,0.273,0.268,0.263,0.257,0.252,0.248,0.244,0.24,0.236,0.232,0.23,0.226,0.221,0.218,0.216,0.214,0.21,0.207,0.204,0.202,0.199,0.196,0.193,0.19,0.189,0.186,0.183,0.181,0.179,0.177,0.175,0.173,0.172,0.171,0.17,0.167,0.165,0.163,0.161,0.159,0.158,0.156,0.154,0.153,0.151,0.149,0.148,0.146,0.145,0.144,0.143,0.142,0.141,0.139,0.138,0.136,0.135,0.134,0.133,0.132,0.131,0.13,0.129,0.129,0.127,0.127,0.125,0.124,0.122,0.122,0.121,0.118,0.116,0.116,0.115,0.114,0.113,0.113,0.112,0.111,0.111,0.111,0.11,0.109,0.107,0.107,0.108,0.107,0.106,0.106,0.105,0.105,0.104,0.104,0.103,0.102,0.102,0.101,0.101,0.1,0.099,0.098,0.096,0.096,0.096,0.095,0.095,0.094,0.093,0.094,0.093,0.093,0.093,0.093,0.092,0.092,0.092,0.091,0.091,0.091,0.091,0.09,0.09,0.09,0.091,0.089,0.09,0.091,0.089,0.088,0.088,0.088,0.087,0.088,0.088,0.088,0.088,0.087,0.088,0.088,0.085,0.086,0.086,0.086,0.086,0.086,0.086,0.085,0.085,0.084,0.085,0.085,0.084,0.082,0.082,0.082,0.084
Putana,3.06,3.5,3.5,3.5,3.5,2.739,3.193,3.5,3.5,3.5,3.5,3.334,3.5,3.244,3.5,3.5,3.5,3.5,3.5,3.054,3.5,3.5,3.5,3.5,3.5,3.5,3.5,3.5,3.5,3.5,3.5,3.5,3.24,3.5,3.5,3.5,3.5,3.5,3.5,3.5,3.5,3.5,3.5,3.5,3.5,3.5,3.5,3.5,3.5,3.5,3.5,3.5,3.5,3.5,3.5,3.5,3.5,3.5,2.868,3.5,3.5,3.203,3.5,3.5,3.5,3.5,3.5,3.5,3.5,3.5,3.5,3.5,3.5,3.5,3.213,2.769,2.92,3.5,3.246,3.272,3.5,3.5,3.5,3.136,3.5,3.5,3.5,3.5,3.133,3.5,3.5,3.5,3.5,3.5,3.5,3.5,3.5,3.5,3.001,2.693,2.379,2.131,1.914,1.727,1.566,1.444,1.332,1.224,1.146,1.078,1.016,0.966,0.916,0.87,0.825,0.784,0.746,0.709,0.674,0.641,0.61,0.58,0.551,0.527,0.507,0.487,0.467,0.449,0.433,0.418,0.403,0.388,0.377,0.366,0.355,0.345,0.337,0.328,0.318,0.311,0.304,0.297,0.291,0.284,0.279,0.273,0.267,0.262,0.258,0.253,0.248,0.242,0.239,0.235,0.23,0.226,0.222,0.219,0.216,0.212,0.209,0.206,0.203,0.2,0.197,0.194,0.192,0.19,0.188,0.185,0.182,0.179,0.177,0.174,0.173,0.17,0.167,0.166,0.163,0.161,0.159,0.157,0.155,0.154,0.152,0.151,0.149,0.147,0.145,0.144,0.142,0.141,0.139,0.138,0.136,0.135,0.134,0.133,0.131,0.131,0.129,0.127,0.125,0.124,0.123,0.12,0.118,0.118,0.117,0.116,0.115,0.113,0.113,0.112,0.112,0.111,0.11,0.108,0.106,0.106,0.107,0.107,0.105,0.104,0.104,0.104,0.103,0.102,0.101,0.1,0.099,0.098,0.098,0.097,0.095,0.094,0.092,0.092,0.091,0.091,0.09,0.09,0.088,0.088,0.088,0.088,0.088,0.088,0.086,0.086,0.085,0.085,0.085,0.085,0.084,0.084,0.084,0.084,0.084,0.083,0.083,0.084,0.082,0.081,0.081,0.081,0.08,0.08,0.081,0.08,0.08,0.08,0.081,0.081,0.078,0.078,0.078,0.077,0.077,0.077,0.077,0.078,0.076,0.076,0.076,0.077,0.076,0.074,0.075,0.074,0.075
Putana,3.227,2.59,3.5,3.5,3.5,3.068,3.5,3.5,3.5,3.5,3.5,3.5,3.5,3.5,3.5,3.5,3.5,3.5,3.5,3.5,3.5,3.5,3.5,3.5,3.5,3.5,3.5,3.5,3.5,3.5,3.5,3.5,3.5,3.5,3.5,3.5,3.5,3.5,3.5,3.5,3.5,3.5,3.5,3.5,3.5,3.35,3.316,3.5,3.5,3.5,3.5,3.5,3.5,3.5,3.5,3.5,3.5,3.173,2.757,3.5,3.5,3.5,3.5,3.5,3.5,3.5,3.5,3.5,3.5,3.5,3.5,3.5,3.5,3.5,3.07,3.5,3.5,3.5,3.5,3.5,3.346,3.5,3.5,3.5,3.5,3.5,3.5,3.5,3.5,3.5,3.5,3.132,3.051,3.5,3.5,3.5,3.5,3.5,3.041,2.57,2.244,2.099,1.926,1.775,1.648,1.551,1.447,1.354,1.288,1.22,1.16,1.112,1.063,1.015,0.967,0.924,0.88,0.84,0.802,0.765,0.731,0.696,0.662,0.634,0.608,0.584,0.56,0.536,0.516,0.495,0.476,0.455,0.44,0.424,0.41,0.397,0.385,0.374,0.361,0.35,0.341,0.332,0.323,0.315,0.306,0.298,0.291,0.285,0.28,0.274,0.268,0.261,0.256,0.252,0.246,0.241,0.236,0.232,0.229,0.224,0.221,0.218,0.215,0.211,0.209,0.205,0.202,0.2,0.197,0.194,0.191,0.188,0.185,0.183,0.181,0.177,0.175,0.173,0.171,0.168,0.166,0.164,0.163,0.161,0.159,0.158,0.155,0.152,0.151,0.15,0.148,0.146,0.145,0.144,0.142,0.14,0.139,0.138,0.135,0.134,0.133,0.132,0.13,0.128,0.127,0.125,0.122,0.122,0.12,0.119,0.118,0.116,0.117,0.116,0.115,0.114,0.113,0.112,0.111,0.111,0.111,0.11,0.109,0.109,0.108,0.108,0.106,0.105,0.104,0.103,0.102,0.101,0.1,0.099,0.097,0.096,0.095,0.094,0.093,0.092,0.093,0.092,0.09,0.09,0.09,0.09,0.091,0.09,0.089,0.089,0.088,0.087,0.087,0.087,0.087,0.086,0.086,0.086,0.086,0.085,0.085,0.085,0.085,0.084,0.083,0.084,0.083,0.082,0.083,0.083,0.083,0.082,0.083,0.083,0.08,0.08,0.081,0.08,0.079,0.08,0.08,0.081,0.079,0.078,0.079,0.079,0.078,0.077,0.077,0.077,0.077
Vijaya,2.311,3.5,2.763,2.574,2.63,3.5,2.94,3.36,2.89,3.484,3.217,3.485,3.5,3.5,3.5,3.225,3.5,3.244,3.09,3.346,3.5,3.126,3.328,3.5,3.5,3.5,3.5,3.5,3.5,2.872,2.931,3.5,3.5,3.194,3.453,3.325,3.5,3.5,3.5,3.5,3.5,3.5,3.5,3.5,3.5,3.5,3.111,3.5,3.5,3.5,3.461,3.364,2.69,2.909,3.24,3.5,3.5,3.5,3.5,2.878,3.426,3.083,3.31,3.241,2.913,3.5,3.5,3.5,3.5,2.79,3.271,2.903,3.072,3.279,3.347,2.521,3.444,3.072,3.5,2.929,3.145,3.398,3.5,3.5,3.5,3.5,3.5,3.19,2.934,3.166,3.067,3.5,3.5,3.5,3.5,3.5,3.5,3.5,3.5,3.5,3.5,3.5,3.5,3.5,3.5,3.148,3.5,3.358,3.5,3.5,3.5,3.5,3.5,3.5,3.5,3.5,3.5,3.5,3.5,3.5,3.5,3.086,2.881,2.781,2.59,2.515,2.348,2.283,2.177,2.063,1.954,1.798,1.717,1.633,1.547,1.468,1.397,1.325,1.241,1.171,1.115,1.06,1.009,0.962,0.915,0.867,0.827,0.793,0.76,0.727,0.699,0.669,0.644,0.62,0.597,0.578,0.556,0.538,0.523,0.509,0.492,0.477,0.466,0.454,0.442,0.431,0.421,0.411,0.402,0.392,0.383,0.375,0.366,0.358,0.351,0.345,0.337,0.33,0.324,0.317,0.311,0.306,0.3,0.295,0.29,0.285,0.281,0.275,0.271,0.266,0.262,0.258,0.254,0.25,0.246,0.242,0.239,0.235,0.231,0.227,0.224,0.221,0.216,0.213,0.211,0.206,0.202,0.199,0.196,0.194,0.19,0.187,0.185,0.183,0.181,0.179,0.177,0.174,0.172,0.171,0.17,0.167,0.164,0.163,0.161,0.16,0.156,0.154,0.152,0.15,0.147,0.146,0.144,0.142,0.14,0.139,0.137,0.135,0.134,0.132,0.131,0.129,0.127,0.127,0.126,0.125,0.126,0.124,0.122,0.122,0.12,0.119,0.119,0.118,0.118,0.117,0.116,0.116,0.114,0.113,0.114,0.113,0.112,0.11,0.109,0.109,0.108,0.108,0.106,0.106,0.105,0.106,0.106,0.105,0.104,0.102,0.102,0.102,0.102,0.101,0.101,0.101,0.1,0.098,0.098,0.099,0.098,0.098,0.097,0.097,0.097
Vijaya,3.5,3.5,3.5,3.5,3.5,3.5,3.5,3.5,3.5,3.5,3.5,3.5,3.5,3.5,3.5,3.5,3.5,3.5,3.5,3.21,3.5,3.5,3.5,3.5,3.5,3.5,3.488,3.5,3.5,3.5,3.5,3.5,3.5,3.5,3.44,3.5,3.5,3.5,3.5,3.5,3.5,3.5,3.5,3.5,3.5,3.457,3.247,3.5,3.5,3.5,3.5,3.5,3.5,3.5,3.5,3.5,3.5,3.052,3.5,3.5,3.5,3.5,3.5,3.5,3.147,3.5,3.5,3.5,3.5,3.5,3.5,3.5,3.5,3.5,3.5,3.5,3.5,3.5,3.5,3.5,3.5,3.5,3.5,3.5,3.5,3.5,3.5,3.5,3.5,3.5,3.5,3.5,3.5,3.5,3.5,3.5,3.5,3.5,3.5,3.5,3.5,3.5,3.5,3.5,3.5,3.5,3.5,3.5,3.489,3.289,3.5,3.264,3.449,2.886,2.726,2.6,2.523,2.445,2.362,2.3,2.24,2.165,2.108,2.058,1.99,1.954,1.902,1.859,1.81,1.767,1.724,1.673,1.646,1.6,1.57,1.538,1.509,1.485,1.458,1.429,1.405,1.382,1.366,1.347,1.329,1.312,1.294,1.275,1.26,1.248,1.228,1.206,1.194,1.184,1.174,1.156,1.136,1.126,1.115,1.103,1.092,1.084,1.071,1.057,1.049,1.038,1.029,1.024,1.015,1.003,0.993,0.986,0.979,0.97,0.961,0.953,0.945,0.937,0.929,0.921,0.912,0.906,0.903,0.896,0.891,0.887,0.88,0.873,0.868,0.866,0.856,0.85,0.849,0.847,0.84,0.837,0.833,0.828,0.824,0.822,0.815,0.81,0.805,0.802,0.797,0.79,0.783,0.78,0.778,0.774,0.772,0.769,0.767,0.764,0.763,0.76,0.758,0.755,0.751,0.749,0.751,0.748,0.742,0.738,0.738,0.737,0.734,0.73,0.728,0.724,0.724,0.723,0.72,0.716,0.713,0.711,0.708,0.704,0.702,0.701,0.703,0.699,0.694,0.693,0.694,0.693,0.692,0.691,0.688,0.688,0.684,0.682,0.68,0.68,0.68,0.678,0.677,0.678,0.677,0.672,0.672,0.672,0.67,0.668,0.668,0.667,0.667,0.665,0.666,0.665,0.665,0.66,0.666,0.669,0.656,0.656,0.657,0.657,0.655,0.655,0.656,0.656,0.654,0.653,0.653,0.656,0.653,0.648,0.65,0.652,0.65
Vijaya,2.032,2.077,2.904,3.5,3.5,3.5,3.5,3.5,3.5,3.295,3.003,3.5,3.5,3.5,3.402,3.5,3.5,3.5,3.5,3.5,3.5,3.5,3.5,3.5,3.5,3.5,3.5,3.5,3.5,3.394,3.33,3.5,3.5,3.441,3.5,3.5,3.5,3.5,3.159,3.217,3.5,3.5,3.5,3.017,3.5,3.252,3.5,3.5,3.5,3.5,3.091,2.828,3.5,3.5,3.08,2.665,2.519,2.85,3.132,3.5,3.198,3.5,3.061,2.998,3.5,3.5,2.943,3.5,3.5,3.445,3.306,2.747,3.125,3.5,3.331,3.322,3.5,3.022,3.5,3.5,3.5,3.5,3.5,3.338,2.885,3.112,3.5,3.5,3.5,3.5,3.5,3.5,3.415,3.5,3.089,3.146,3.5,3.5,3.5,3.276,3.5,3.5,3.5,3.5,3.5,3.5,3.5,3.309,3.233,3.5,3.254,3.108,3.244,2.992,2.838,2.842,2.649,2.563,2.469,2.399,2.257,2.149,2.095,2.053,1.954,1.882,1.842,1.778,1.714,1.658,1.606,1.53,1.491,1.449,1.409,1.367,1.323,1.284,1.243,1.205,1.171,1.14,1.11,1.078,1.046,1.012,0.988,0.962,0.938,0.914,0.891,0.865,0.844,0.823,0.803,0.787,0.766,0.748,0.731,0.716,0.699,0.681,0.668,0.653,0.64,0.624,0.612,0.6,0.587,0.572,0.56,0.55,0.538,0.525,0.516,0.504,0.494,0.483,0.474,0.466,0.455,0.447,0.438,0.429,0.42,0.413,0.405,0.397,0.389,0.382,0.375,0.367,0.361,0.355,0.348,0.341,0.336,0.33,0.323,0.317,0.31,0.303,0.299,0.293,0.288,0.282,0.276,0.272,0.267,0.262,0.258,0.253,0.249,0.244,0.24,0.236,0.233,0.23,0.225,0.221,0.217,0.214,0.211,0.207,0.204,0.201,0.197,0.194,0.19,0.186,0.183,0.181,0.178,0.175,0.171,0.169,0.166,0.163,0.16,0.157,0.157,0.154,0.151,0.148,0.147,0.146,0.144,0.142,0.14,0.138,0.136,0.134,0.133,0.132,0.132,0.129,0.127,0.126,0.124,0.124,0.122,0.12,0.118,0.117,0.116,0.116,0.115,0.115,0.113,0.111,0.11,0.108,0.107,0.107,0.104,0.103,0.103,0.102,0.102,0.101,0.099,0.099,0.097,0.097,0.097,0.096,0.095,0.094,0.093,0.093,0.091
Abhaya,2.802,2.955,3.5,3.5,3.493,3.5,3.303,3.101,3.355,3.5,3.395,3.466,3.5,3.5,3.5,3.33,3.5,3.451,3.453,3.5,3.5,3.431,3.254,3.5,3.5,3.5,3.499,3.5,3.5,3.204,3.5,3.5,3.5,3.5,3.5,3.5,3.5,3.5,3.5,3.5,3.288,3.5,3.5,3.5,3.5,3.426,3.322,3.5,3.5,3.497,3.483,3.436,2.818,3.5,3.318,3.408,3.5,3.5,3.361,3.244,3.175,3.222,3.287,3.258,3.33,3.372,3.132,3.427,3.5,3.5,3.273,3.117,3.5,3.5,3.5,3.314,3.5,3.365,3.135,2.868,3.5,3.5,3.5,3.5,3.5,3.5,3.5,3.5,3.316,3.23,3.309,3.34,3.5,3.5,3.5,3.5,3.402,3.5,3.5,3.5,3.5,3.491,3.46,3.214,3.004,2.788,2.742,2.554,2.461,2.462,2.333,2.257,2.21,2.147,2.111,2.039,1.973,1.932,1.904,1.843,1.8,1.735,1.7,1.67,1.634,1.615,1.572,1.556,1.525,1.496,1.472,1.449,1.434,1.399,1.381,1.36,1.348,1.326,1.307,1.294,1.282,1.276,1.266,1.256,1.239,1.233,1.227,1.221,1.204,1.197,1.191,1.183,1.173,1.166,1.16,1.161,1.148,1.141,1.137,1.13,1.124,1.123,1.118,1.111,1.105,1.101,1.102,1.102,1.098,1.094,1.09,1.085,1.082,1.08,1.076,1.068,1.065,1.063,1.057,1.051,1.048,1.045,1.046,1.043,1.038,1.035,1.035,1.034,1.031,1.027,1.02,1.018,1.018,1.023,1.013,1.016,1.014,1.011,1.005,1.006,1.005,1.002,1.001,0.996,0.994,0.991,0.981,0.985,0.984,0.974,0.972,0.976,0.974,0.978,0.978,0.971,0.969,0.969,0.969,0.969,0.967,0.964,0.963,0.961,0.955,0.959,0.953,0.948,0.948,0.948,0.949,0.942,0.94,0.939,0.936,0.937,0.928,0.928,0.926,0.93,0.932,0.929,0.926,0.925,0.924,0.918,0.917,0.919,0.916,0.912,0.913,0.907,0.909,0.906,0.904,0.91,0.908,0.905,0.897,0.896,0.9,0.895,0.892,0.891,0.892,0.891,0.89,0.888,0.886,0.881,0.877,0.879,0.879,0.883,0.876,0.87,0.868,0.868,0.864,0.864,0.864,0.862,0.867,0.862,0.856,0.855,0.855,0.852,0.853,0.853,0.845
Abhaya,2.228,3.008,3.221,2.967,3.07,3.39,3.118,3.461,3.11,3.5,3.484,3.5,3.5,3.5,3.5,3.378,3.357,3.5,3.5,3.5,3.5,3.333,3.381,3.5,3.5,3.418,3.5,3.5,3.5,3.418,3.376,3.5,3.5,3.5,3.422,3.163,3.5,3.5,3.5,3.393,3.413,3.5,3.5,3.5,3.5,3.5,3.207,3.29,3.5,3.5,3.5,3.202,3.154,3.446,3.374,3.471,3.5,3.5,3.431,2.901,3.293,3.5,3.5,3.161,3.122,3.5,3.326,3.495,3.006,3,2.869,3.148,2.995,3.1,3.5,3.211,3.5,3.286,3.433,3.034,3.15,3.367,3.487,3.5,3.5,3.5,3.359,3.352,3.254,3.269,3.186,3.396,3.5,3.466,3.5,3.5,3.166,3.259,3.105,2.964,2.855,2.766,2.702,2.55,2.573,2.458,2.292,2.18,2.143,2.105,2.023,1.995,1.918,1.858,1.809,1.717,1.65,1.614,1.569,1.517,1.46,1.399,1.352,1.314,1.27,1.233,1.195,1.164,1.133,1.101,1.073,1.039,1.016,0.989,0.967,0.945,0.926,0.909,0.886,0.871,0.856,0.844,0.831,0.818,0.807,0.796,0.784,0.776,0.766,0.758,0.749,0.739,0.732,0.727,0.721,0.714,0.703,0.698,0.693,0.687,0.683,0.68,0.675,0.667,0.663,0.659,0.657,0.655,0.65,0.645,0.641,0.637,0.633,0.63,0.627,0.623,0.618,0.614,0.61,0.606,0.602,0.599,0.597,0.595,0.591,0.588,0.586,0.584,0.58,0.578,0.575,0.571,0.57,0.569,0.565,0.563,0.563,0.559,0.555,0.553,0.553,0.55,0.547,0.545,0.543,0.539,0.534,0.533,0.531,0.529,0.527,0.525,0.524,0.524,0.523,0.521,0.519,0.517,0.515,0.515,0.514,0.513,0.51,0.508,0.507,0.507,0.504,0.501,0.5,0.498,0.497,0.496,0.495,0.492,0.49,0.489,0.488,0.486,0.484,0.484,0.485,0.483,0.48,0.479,0.479,0.477,0.478,0.477,0.476,0.475,0.472,0.472,0.471,0.47,0.469,0.469,0.469,0.468,0.465,0.465,0.465,0.465,0.462,0.462,0.46,0.46,0.458,0.458,0.456,0.454,0.454,0.453,0.454,0.455,0.45,0.448,0.448,0.448,0.445,0.444,0.445,0.444,0.444,0.441,0.44,0.441,0.441,0.439,0.436,0.438,0.437
Abhaya,2.863,2.171,3.5,3.5,3.5,3.5,3.5,3.5,3.5,3.5,3.5,3.5,3.5,3.5,3.5,3.5,3.5,3.5,3.5,3.5,3.5,3.5,3.5,3.5,3.5,3.5,3.5,3.5,3.5,3.5,3.5,3.5,3.5,3.5,3.143,3.5,3.5,3.5,3.5,3.5,3.5,3.5,3.5,3.5,3.5,3.5,3.5,3.5,3.5,3.5,3.5,3.5,3.202,3.5,3.36,3.331,3.5,3.5,2.909,3.5,3.5,3.5,3.5,3.5,3.5,3.5,3.5,3.5,3.5,3.5,3.5,3.5,3.5,3.5,3.347,3.5,3.5,3.5,3.5,3.5,3.5,3.5,3.5,3.5,3.5,3.5,3.5,3.398,3.5,3.5,3.5,3.5,3.5,3.5,3.5,3.5,3.5,3.5,3.5,3.5,3.5,3.5,3.5,3.5,3.352,3.5,3.42,2.999,2.861,2.875,2.738,2.603,2.634,2.569,2.472,2.377,2.342,2.333,2.295,2.264,2.24,2.149,2.106,2.092,2.072,2.036,2.007,1.97,1.941,1.927,1.914,1.891,1.879,1.836,1.823,1.798,1.785,1.774,1.752,1.741,1.726,1.722,1.71,1.696,1.692,1.682,1.668,1.662,1.65,1.658,1.639,1.623,1.629,1.621,1.609,1.598,1.581,1.583,1.575,1.563,1.555,1.556,1.549,1.532,1.532,1.519,1.52,1.523,1.514,1.503,1.496,1.492,1.487,1.484,1.477,1.468,1.462,1.457,1.454,1.446,1.435,1.43,1.435,1.428,1.421,1.419,1.412,1.411,1.407,1.406,1.396,1.388,1.391,1.393,1.385,1.385,1.382,1.375,1.373,1.368,1.361,1.356,1.353,1.351,1.345,1.338,1.33,1.328,1.329,1.32,1.317,1.317,1.32,1.318,1.318,1.314,1.312,1.311,1.306,1.3,1.306,1.306,1.299,1.295,1.296,1.297,1.296,1.288,1.286,1.284,1.284,1.281,1.275,1.269,1.263,1.262,1.252,1.252,1.248,1.25,1.253,1.242,1.237,1.234,1.236,1.232,1.232,1.233,1.227,1.229,1.221,1.218,1.216,1.214,1.218,1.212,1.214,1.21,1.207,1.2,1.2,1.2,1.2,1.198,1.195,1.196,1.194,1.19,1.191,1.191,1.188,1.179,1.188,1.192,1.174,1.169,1.171,1.172,1.171,1.171,1.169,1.168,1.164,1.161,1.157,1.162,1.162,1.15,1.153,1.158,1.151
Jivanti,3.5,3.5,3.5,3.5,3.5,3.5,3.5,3.5,3.5,3.5,3.5,3.5,3.5,3.5,3.5,3.196,3.5,3.5,3.5,3.272,3.5,3.5,3.5,3.5,3.5,3.5,3.5,3.5,3.5,3.5,3.5,3.5,3.5,3.5,3.5,3.5,3.5,3.5,3.5,3.5,3.5,3.5,3.365,3.316,3.5,3.5,3.5,3.5,3.5,3.5,3.5,3.5,3.5,3.5,3.5,3.5,3.317,3.092,3.361,3.5,3.5,3.5,3.5,3.084,2.845,3.5,3.5,3.5,3.5,3.5,3.5,3.469,3.5,3.5,3.5,3.5,3.5,3.5,3.5,3.5,2.861,3.5,3.5,3.5,3.5,3.5,3.5,3.361,3.5,3.128,3.5,3.5,3.467,3.5,3.318,3.5,3.5,3.177,3.021,2.783,2.371,2.061,1.833,1.618,1.444,1.315,1.185,1.074,0.995,0.923,0.864,0.81,0.763,0.719,0.677,0.64,0.604,0.572,0.541,0.512,0.487,0.46,0.437,0.417,0.4,0.384,0.37,0.356,0.344,0.332,0.322,0.31,0.301,0.292,0.284,0.278,0.272,0.266,0.26,0.254,0.25,0.245,0.24,0.236,0.232,0.228,0.224,0.221,0.217,0.215,0.211,0.206,0.203,0.201,0.198,0.195,0.19,0.188,0.186,0.183,0.181,0.179,0.176,0.174,0.172,0.17,0.168,0.167,0.166,0.163,0.16,0.158,0.156,0.155,0.154,0.151,0.149,0.148,0.146,0.144,0.142,0.141,0.14,0.139,0.138,0.137,0.135,0.133,0.132,0.132,0.13,0.129,0.128,0.128,0.127,0.126,0.125,0.124,0.123,0.122,0.121,0.12,0.119,0.118,0.117,0.114,0.112,0.112,0.111,0.11,0.109,0.108,0.109,0.108,0.107,0.107,0.107,0.106,0.104,0.104,0.105,0.105,0.104,0.104,0.104,0.105,0.104,0.103,0.103,0.102,0.102,0.101,0.1,0.098,0.097,0.096,0.095,0.094,0.093,0.093,0.092,0.092,0.091,0.091,0.091,0.091,0.091,0.091,0.09,0.09,0.089,0.089,0.089,0.089,0.089,0.089,0.088,0.088,0.088,0.087,0.088,0.088,0.087,0.086,0.086,0.087,0.085,0.086,0.087,0.087,0.086,0.086,0.087,0.087,0.084,0.084,0.084,0.083,0.084,0.084,0.084,0.084,0.082,0.082,0.083,0.083,0.082,0.081,0.081,0.081,0.082
Jivanti,1.725,1.839,2.085,3.033,3.199,3.19,2.844,2.972,2.752,3.131,3.327,3.383,3.5,3.497,3.293,3.369,3.329,3.344,3.337,3.443,3.33,3.418,3.5,3.5,3.355,3.221,3.481,2.904,2.871,2.912,2.929,3.207,3.229,3.369,3.5,3.5,3.5,3.267,3.483,3.14,3.5,2.981,3.5,3.168,3.103,3.006,3.312,3.328,3.118,3.121,3.082,3.066,3.095,3.041,3.034,2.628,2.511,2.542,2.674,3.292,3.068,3.36,2.584,2.902,3.5,2.726,2.469,2.844,2.705,2.916,3.119,2.588,2.94,2.884,3.067,2.999,2.81,2.718,2.8,3.172,3.164,3.271,2.798,2.777,2.746,2.646,2.927,2.831,2.977,3.491,3.5,3.061,2.624,2.971,2.637,2.752,2.78,2.654,2.657,2.35,2.114,1.987,1.808,1.652,1.51,1.391,1.289,1.196,1.126,1.068,1.011,0.962,0.919,0.878,0.838,0.8,0.764,0.733,0.703,0.672,0.644,0.615,0.591,0.569,0.549,0.53,0.512,0.497,0.482,0.468,0.454,0.438,0.427,0.417,0.406,0.398,0.388,0.381,0.372,0.363,0.356,0.349,0.342,0.336,0.329,0.322,0.316,0.311,0.306,0.301,0.295,0.289,0.285,0.28,0.275,0.271,0.266,0.262,0.259,0.255,0.251,0.247,0.244,0.24,0.237,0.233,0.231,0.228,0.225,0.22,0.218,0.215,0.211,0.208,0.206,0.203,0.2,0.197,0.195,0.192,0.189,0.187,0.185,0.183,0.181,0.179,0.177,0.174,0.172,0.17,0.168,0.166,0.164,0.163,0.161,0.159,0.157,0.156,0.154,0.152,0.15,0.147,0.146,0.144,0.143,0.141,0.139,0.138,0.136,0.135,0.134,0.131,0.131,0.129,0.128,0.126,0.125,0.125,0.124,0.122,0.121,0.12,0.12,0.119,0.119,0.118,0.117,0.116,0.114,0.113,0.112,0.111,0.11,0.107,0.106,0.105,0.103,0.102,0.101,0.1,0.1,0.098,0.097,0.096,0.097,0.096,0.095,0.094,0.093,0.093,0.093,0.093,0.092,0.092,0.091,0.09,0.089,0.089,0.089,0.089,0.088,0.088,0.087,0.087,0.087,0.087,0.088,0.088,0.086,0.086,0.085,0.084,0.084,0.083,0.083,0.081,0.082,0.082,0.081,0.081,0.08,0.08,0.079,0.08,0.08,0.079,0.079,0.078,0.078,0.077,0.077
Jivanti,1.828,2.226,2.37,2.906,3.273,3.316,3.08,2.822,2.777,3.132,3.166,3.42,3.5,3.5,3.07,3.382,3.44,3.315,3.344,3.225,3.5,3.295,3.405,3.5,3.5,3.179,3.353,2.934,2.857,2.889,3.228,3.5,3.34,3.378,3.461,3.376,3.383,3.08,3.411,3.082,3.5,3.197,3.438,2.907,3.412,2.997,3.273,3.109,3.272,3.5,3.061,3.055,3.447,2.845,3.223,2.519,2.328,3.015,2.972,3.5,3.5,3.5,3.078,3.091,3.5,3.203,3.031,3.075,3.043,3.103,3.473,2.842,3.192,3.058,2.854,3.05,3.321,3.171,3.202,3.145,3.194,3.5,2.982,3.15,3.244,2.694,2.771,3.255,3.496,3.336,3.421,3.092,2.962,3.255,2.701,2.908,3.084,2.972,2.827,2.493,2.307,2.085,1.89,1.738,1.609,1.499,1.406,1.322,1.253,1.198,1.144,1.095,1.055,1.011,0.972,0.937,0.899,0.865,0.833,0.802,0.771,0.74,0.713,0.692,0.67,0.649,0.63,0.613,0.595,0.58,0.564,0.549,0.538,0.525,0.514,0.504,0.494,0.485,0.475,0.467,0.46,0.453,0.446,0.44,0.433,0.426,0.421,0.416,0.411,0.407,0.402,0.395,0.392,0.388,0.384,0.38,0.375,0.371,0.368,0.364,0.361,0.359,0.355,0.351,0.349,0.345,0.343,0.341,0.339,0.334,0.332,0.331,0.327,0.325,0.322,0.319,0.316,0.313,0.311,0.309,0.306,0.305,0.302,0.3,0.298,0.297,0.295,0.292,0.29,0.289,0.286,0.283,0.283,0.281,0.279,0.277,0.275,0.273,0.271,0.27,0.268,0.265,0.263,0.262,0.26,0.258,0.256,0.254,0.252,0.25,0.249,0.247,0.246,0.244,0.243,0.241,0.241,0.24,0.239,0.238,0.236,0.235,0.234,0.233,0.233,0.232,0.23,0.229,0.228,0.226,0.225,0.224,0.222,0.22,0.218,0.217,0.217,0.215,0.214,0.212,0.212,0.211,0.209,0.208,0.209,0.208,0.206,0.205,0.204,0.204,0.203,0.203,0.201,0.2,0.2,0.199,0.198,0.197,0.196,0.196,0.195,0.195,0.193,0.192,0.192,0.192,0.191,0.191,0.19,0.189,0.189,0.187,0.186,0.186,0.185,0.183,0.183,0.183,0.181,0.181,0.18,0.18,0.178,0.179,0.178,0.177,0.177,0.176,0.175,0.175,0.173
Chetaki,2.352,3.5,3.419,2.598,3.137,3.5,3.166,3.383,3.252,3.388,3.405,3.479,3.5,3.5,3.483,3.5,3.5,3.356,3.5,3.5,3.5,3.5,3.5,3.472,3.5,3.429,3.448,3.5,3.5,3.339,3.417,3.367,3.433,3.335,3.331,3.277,3.5,3.5,3.5,3.5,3.342,3.188,3.5,3.5,3.5,3.5,3.361,3.5,3.5,3.5,3.5,3.5,3.041,3.35,3.325,3.5,3.5,3.4,3.5,3.356,3.16,3.212,3.5,3.184,3.233,3.276,3.093,3.5,3.5,3.5,3.037,3.178,3.107,3.308,3.249,2.868,3.5,3.331,3.35,3.309,3.252,3.294,3.259,3.5,3.5,3.5,3.489,3.5,3.312,3.022,3.327,3.5,3.388,3.481,3.5,3.5,3.5,3.432,3.5,3.5,3.5,3.5,3.5,3.5,3.5,3.5,3.392,3.408,3.428,3.5,3.5,3.479,3.5,3.38,3.379,3.338,3.089,3.2,3.256,3.163,3.232,2.938,2.915,2.933,2.794,2.944,2.751,2.726,2.671,2.708,2.714,2.717,2.689,2.61,2.618,2.578,2.578,2.551,2.502,2.497,2.507,2.504,2.471,2.42,2.375,2.446,2.425,2.417,2.38,2.358,2.345,2.326,2.335,2.308,2.296,2.336,2.311,2.269,2.286,2.274,2.277,2.285,2.258,2.255,2.218,2.232,2.266,2.264,2.243,2.218,2.205,2.197,2.222,2.202,2.197,2.178,2.179,2.183,2.152,2.149,2.146,2.159,2.161,2.181,2.148,2.121,2.108,2.129,2.114,2.1,2.085,2.076,2.071,2.099,2.07,2.082,2.093,2.069,2.062,2.06,2.055,2.07,2.067,2.047,2.045,2.047,2.006,2.024,2.034,2.007,2.004,2,2.007,2.018,2.016,1.998,1.997,1.997,2.008,2.003,1.989,1.985,1.994,1.978,1.964,1.981,1.973,1.946,1.96,1.961,1.962,1.95,1.932,1.936,1.931,1.933,1.912,1.915,1.914,1.926,1.924,1.92,1.922,1.919,1.913,1.887,1.899,1.901,1.891,1.884,1.905,1.887,1.878,1.887,1.885,1.898,1.885,1.867,1.856,1.845,1.87,1.865,1.835,1.854,1.854,1.845,1.82,1.846,1.85,1.836,1.824,1.833,1.83,1.842,1.836,1.834,1.818,1.815,1.793,1.802,1.823,1.802,1.827,1.808,1.793,1.793,1.81,1.784,1.778,1.79,1.791
Chetaki,2.744,3.5,3.449,3.091,3.5,3.5,3.225,3.329,3.5,3.5,3.431,3.5,3.5,3.5,3.5,3.409,3.5,3.358,3.5,3.5,3.5,3.434,3.5,3.5,3.5,3.421,3.464,3.5,3.5,3.456,3.348,3.336,3.5,3.5,3.372,3.433,3.5,3.5,3.5,3.5,3.5,3.5,3.5,3.5,3.5,3.5,3.5,3.5,3.5,3.5,3.5,3.5,3.321,3.324,3.5,3.5,3.5,3.5,3.5,3.451,3.265,3.5,3.465,3.5,3.402,3.389,3.5,3.5,3.374,3.5,3.382,3.32,3.5,3.5,3.232,2.995,3.5,3.434,3.5,3.411,3.409,3.365,3.5,3.5,3.5,3.5,3.5,3.5,3.007,3.187,3.5,3.49,3.5,3.445,3.5,3.5,3.389,3.5,3.5,3.5,3.5,3.5,3.5,3.478,3.5,3.247,3.24,3.138,3.131,3.135,3.036,3.052,2.992,2.951,2.949,2.9,2.813,2.853,2.855,2.827,2.81,2.769,2.756,2.741,2.723,2.713,2.638,2.676,2.61,2.499,2.626,2.492,2.579,2.421,2.42,2.319,2.29,2.287,2.208,2.179,2.16,2.187,2.125,2.106,2.061,2.065,2.045,2.015,1.996,1.979,1.966,1.956,1.929,1.904,1.897,1.906,1.873,1.863,1.859,1.843,1.841,1.839,1.827,1.808,1.791,1.79,1.788,1.789,1.781,1.769,1.754,1.745,1.743,1.733,1.731,1.722,1.716,1.71,1.699,1.698,1.692,1.692,1.682,1.679,1.671,1.663,1.662,1.66,1.654,1.652,1.641,1.639,1.636,1.645,1.628,1.632,1.633,1.621,1.614,1.616,1.617,1.619,1.607,1.603,1.606,1.593,1.577,1.584,1.581,1.572,1.57,1.572,1.574,1.573,1.573,1.57,1.564,1.565,1.563,1.567,1.564,1.564,1.558,1.553,1.55,1.554,1.547,1.537,1.544,1.542,1.538,1.535,1.533,1.53,1.523,1.524,1.522,1.52,1.516,1.525,1.523,1.518,1.516,1.51,1.515,1.508,1.507,1.51,1.511,1.506,1.503,1.503,1.504,1.501,1.494,1.505,1.496,1.496,1.492,1.49,1.496,1.494,1.484,1.484,1.488,1.486,1.477,1.488,1.486,1.486,1.479,1.478,1.481,1.493,1.479,1.472,1.466,1.469,1.46,1.465,1.472,1.471,1.478,1.466,1.457,1.458,1.464,1.454,1.458,1.462,1.459
Chetaki,3.5,3.5,3.5,3.5,3.5,3.5,3.5,3.5,3.5,3.5,3.5,3.5,3.5,3.5,3.5,3.5,3.5,3.5,3.5,3.5,3.5,3.5,3.5,3.5,3.5,3.5,3.5,3.5,3.5,3.5,3.5,3.5,3.5,3.5,3.5,3.5,3.5,3.5,3.5,3.5,3.5,3.5,3.5,3.5,3.5,3.5,3.5,3.5,3.5,3.5,3.39,3.5,3.5,3.5,3.5,3.5,3.5,3.38,3.12,3.5,3.5,3.5,3.5,3.5,3.5,3.5,3.5,3.5,3.5,3.5,3.5,3.5,3.5,3.5,3.5,3.5,3.5,3.5,3.5,3.5,3.5,3.5,3.5,3.5,3.5,3.5,3.5,3.5,3.5,3.5,3.5,3.5,3.5,3.5,3.5,3.5,3.5,3.5,3.5,3.5,3.5,3.5,3.5,3.5,3.5,3.5,3.5,3.5,3.5,3.5,3.5,3.5,3.5,3.179,3.073,2.835,2.728,2.737,2.685,2.586,2.503,2.492,2.398,2.405,2.375,2.318,2.263,2.22,2.181,2.135,2.121,2.074,2.041,1.989,1.97,1.955,1.931,1.908,1.887,1.878,1.85,1.817,1.808,1.787,1.786,1.768,1.754,1.729,1.711,1.714,1.692,1.673,1.669,1.649,1.636,1.628,1.611,1.604,1.594,1.58,1.569,1.564,1.553,1.543,1.534,1.526,1.52,1.514,1.511,1.5,1.492,1.484,1.471,1.466,1.46,1.452,1.444,1.435,1.432,1.421,1.409,1.408,1.405,1.395,1.389,1.385,1.375,1.371,1.363,1.36,1.35,1.345,1.343,1.343,1.334,1.331,1.325,1.323,1.315,1.313,1.303,1.298,1.289,1.286,1.281,1.274,1.267,1.265,1.26,1.254,1.25,1.248,1.248,1.242,1.238,1.235,1.232,1.229,1.226,1.218,1.218,1.218,1.212,1.205,1.203,1.2,1.194,1.189,1.185,1.179,1.172,1.173,1.167,1.16,1.155,1.151,1.144,1.144,1.14,1.136,1.132,1.129,1.125,1.122,1.119,1.113,1.11,1.11,1.107,1.105,1.097,1.093,1.092,1.089,1.089,1.084,1.083,1.079,1.075,1.07,1.067,1.063,1.06,1.059,1.057,1.054,1.05,1.045,1.043,1.044,1.038,1.033,1.034,1.032,1.026,1.024,1.02,1.018,1.018,1.013,1.01,1.007,1.005,1,0.998,0.995,0.994,0.989,0.986,0.986,0.982
